id,name,rank,object
1,"User1",37,"{""0"":""132kV_Transformer_(GM)_-_Transformer_-_Pre_1980_-_THT/HT"",""1"":""_132kV_Transformer_(GM)_-_Transformer_-_Pre_1980_-_HT/MT"",""2"":""_132kV_Transformer_(GM)_-_Transformer_-_Pre_1980_-_HT/HT"",""3"":""_132kV_Transformer_(GM)_-_Transformer_-_Post_1980_-_THT/HT"",""4"":""_132kV_Transformer_(GM)_-_Transformer_-_Post_1980_-_HT/MT"",""5"":""_132kV_Transformer_(GM)_-_Transformer_-_Post_1980_-_HT/HT"",""6"":""_132kV_Transformer_(GM)_-_Transformer_-_Post_1980_-_MT/MT""}"
2,"User2",44,"{'OR': ['NR5_CMT_Synthetique_Renouvellement_2_AgeGEQMin_-10ans', 'NR5_CMT_Synthetique_Renouvellement_2_StateGEQMin_-10ans']}"
3,"User3",36,
4,"User4",13,
5,"User5",24,
6,"User6",31,
7,"User7",30,
8,"User8",10,
9,"User9",30,
